infraphylum,country,date_year,scientificNameID,year,scientificName,individualCount,dropped,gigaclassid,fieldNumber,aphiaID,decimalLatitude,gigaclass,infraphylumid,phylumid,familyid,catalogNumber,basisOfRecord,terrestrial,id,parvphylum,order,dataset_id,locality,decimalLongitude,collectionCode,date_end,speciesid,date_start,month,genus,eventDate,brackish,absence,genusid,originalScientificName,marine,preparations,subphylumid,institutionCode,date_mid,class,orderid,waterBody,kingdom,classid,otherCatalogNumbers,phylum,species,coordinatePrecision,subphylum,family,category,kingdomid,parvphylumid,node_id,flags,sss,shoredistance,sst,bathymetry,rightsHolder,institutionID,county,language,type,modified,verbatimEventDate,occurrenceID,verbatimLatitude,license,bibliographicCitation,collectionID,higherClassification,scientificNameAuthorship,taxonRank,verbatimLongitude,sex,datasetName,recordedBy,lifeStage,locationID,datasetID,occurrenceRemarks,occurrenceStatus,recordNumber,island,islandGroup,coordinateUncertaintyInMeters,dynamicProperties,minimumDepthInMeters,depth,typeStatus,day,stateProvince,associatedReferences,references,ownerInstitutionCode,verbatimElevation,dateIdentified,habitat,maximumDepthInMeters,infraspecificEpithet,georeferencedDate,higherGeography,georeferencedBy,georeferenceRemarks,continent,eventRemarks,locationRemarks,identifiedBy,geodeticDatum,associatedMedia,specificEpithet,accessRights,associatedSequences,georeferenceSources
Gnathostomata,Comores,1980,urn:lsid:marinespecies.org:taxname:217438,1980,Latimeria chalumnae,1.0,FALSE,163509,CCC 118,217438,-11.8166999817,Sarcopterygii,1828,1821,178651,8216,PreservedSpecimen,FALSE,00d44bba-c8f1-4701-a5b0-8bc9486b4d56,Osteichthyes,Coelacanthiformes,9ff216fc-777e-4f9b-9860-95ed7366870d,Off Grande Comore,43.0167007446,SAIAB,327283200000,217438,327283200000,5,Latimeria,1980-05-16T12:00:00Z,FALSE,FALSE,205486,Latimeria chalumnae,TRUE,Propanol,146419,SAIAB,327283200000,Coelacanthi,163510,Indian,Animalia,843665,SAIAB SAIAB 9981,Chordata,Latimeria chalumnae,100.0,Vertebrata,Latimeriidae,CR,2,152352,14fc439c-707d-41d6-a3d4-b9d2696205fe,NO_DEPTH,34.93,24552,27.61,8,NA,NA,NA,NA,NA,NA,NA,NA,NA,NA,NA,NA,NA,NA,NA,NA,NA,NA,NA,NA,NA,NA,NA,NA,NA,NA,NA,NA,NA,NA,NA,NA,NA,NA,NA,NA,NA,NA,NA,NA,NA,NA,NA,NA,NA,NA,NA,NA,NA,NA,NA,NA,NA,NA,NA,NA
Gnathostomata,Comores,1980,urn:lsid:marinespecies.org:taxname:217438,1980,Latimeria chalumnae,1.0,FALSE,163509,CCC 118,217438,-11.8166999817,Sarcopterygii,1828,1821,178651,8214,HumanObservation,FALSE,04fa3e91-a36f-430d-8190-2dbf6e9ed719,Osteichthyes,Coelacanthiformes,9ff216fc-777e-4f9b-9860-95ed7366870d,Off Grande Comore,43.0167007446,SAIAB,327283200000,217438,327283200000,5,Latimeria,1980-05-16T12:00:00Z,FALSE,FALSE,205486,Latimeria chalumnae,TRUE,Illustration,146419,SAIAB,327283200000,Coelacanthi,163510,Indian,Animalia,843665,SAIAB SAIAB 9981,Chordata,Latimeria chalumnae,100.0,Vertebrata,Latimeriidae,CR,2,152352,14fc439c-707d-41d6-a3d4-b9d2696205fe,NO_DEPTH,34.93,24552,27.61,8,NA,NA,NA,NA,NA,NA,NA,NA,NA,NA,NA,NA,NA,NA,NA,NA,NA,NA,NA,NA,NA,NA,NA,NA,NA,NA,NA,NA,NA,NA,NA,NA,NA,NA,NA,NA,NA,NA,NA,NA,NA,NA,NA,NA,NA,NA,NA,NA,NA,NA,NA,NA,NA,NA,NA,NA
Gnathostomata,Comores,1990,urn:lsid:marinespecies.org:taxname:217438,1990,Latimeria chalumnae,1.0,FALSE,163509,CCC 159,217438,-11.5583000183,Sarcopterygii,1828,1821,178651,22294,PreservedSpecimen,FALSE,080e4225-eac7-4257-b4f3-e561b8821863,Osteichthyes,Coelacanthiformes,9ff216fc-777e-4f9b-9860-95ed7366870d,Hahaia,43.2583007812,SAIAB,6.40224e+11,217438,6.40224e+11,4,Latimeria,1990-04-16T00:00:00Z,FALSE,FALSE,205486,Latimeria chalumnae,TRUE,Propanol,146419,SAIAB,6.40224e+11,Coelacanthi,163510,Indian,Animalia,843665,SAIAB SAIAB 34464,Chordata,Latimeria chalumnae,100.0,Vertebrata,Latimeriidae,CR,2,152352,14fc439c-707d-41d6-a3d4-b9d2696205fe,NO_DEPTH,NA,942,NA,257,NA,NA,NA,NA,NA,NA,NA,NA,NA,NA,NA,NA,NA,NA,NA,NA,NA,NA,NA,NA,NA,NA,NA,NA,NA,NA,NA,NA,NA,NA,NA,NA,NA,NA,NA,NA,NA,NA,NA,NA,NA,NA,NA,NA,NA,NA,NA,NA,NA,NA,NA,NA,NA,NA,NA,NA
Gnathostomata,NA,1969,NA,NA,Latimeria chalumnae,1,FALSE,163509,NA,217438,-12.1667,Sarcopterygii,1828,1821,178651,CMNFI 1969-0112.1,PreservedSpecimen,FALSE,0aeabe9a-2be1-483f-95b8-06f49ea46557,Osteichthyes,Coelacanthiformes,9f1a9d1c-833e-4fbc-9ecf-1918c7a8b699,South Indian Ocean off Mutsamudu, Ile d\'Anjouan, Comores Islands between North end Madagascar and East Africa,44.3333,CMNFI,-27561600000,217438,-27561600000,NA,Latimeria,1969-02-16,FALSE,FALSE,205486,Latimeria chalumnae Smith, 1939,TRUE,fluid,146419,CMN,-27561600000,Coelacanthi,163510,NA,Animalia,843665,NA,Chordata,Latimeria chalumnae,NA,Vertebrata,Latimeriidae,CR,2,152352,7dfb2d90-9317-434d-8d4e-64adf324579a,NO_DEPTH,34.9,2398,27.61,50,Canadian Museum of Nature,http://biocol.org/urn:lsid:biocol.org:col:34935,Anjouan I.,en,PhysicalObject,2021-05-28 20:37,1969-02-16,e28028e0-6150-1504-fa80-cc0947388643,12 10 00 S,http://creativecommons.org/licenses/by/4.0/legalcode,(CMNFI 1969-0112.1),http://grbio.org/cool/fpjs-vpys,Animalia; Chordata; Vertebrata; Gnathostomata; Sarcopterygii; Coelacanthimorpha; Coelacanthiformes; Latimeriidae; Latimeria;,Smith, 1939,Species,044 20 00 E,female,Fish,Zema, Mutsamudu,adult,CMNFI 1969-0112,https://doi.org/10.15468/va0trp,female with no eggs; 19 scales in small jar in collection plus numerous scales in another jar; female with no eggs; 19 scales in small jar in collection plus numerous scales in another jar\nPrior Description: false,NA,NA,NA,NA,NA,NA,NA,NA,NA,NA,NA,NA,NA,NA,NA,NA,NA,NA,NA,NA,NA,NA,NA,NA,NA,NA,NA,NA,NA,NA,NA,NA,NA
Gnathostomata,Comoros,1970,urn:lsid:marinespecies.org:taxname:217438,NA,Latimeria chalumnae,1,FALSE,163509,NA,217438,-11.696886,Sarcopterygii,1828,1821,178651,24862,PreservedSpecimen,FALSE,1137485b-ecca-4350-bc07-596e21ac43c6,Osteichthyes,Coelacanthiformes,36fbc01b-72bd-42f0-af0a-e1701cddcf94,Itsoundzou, 1000m offshore.,43.248641,ICH,0,217438,0,NA,Latimeria,1970-01-01,FALSE,FALSE,205486,Latimeria chalumnae,TRUE,NA,146419,CAS,0,Coelacanthi,163510,NA,Animalia,843665,NA,Chordata,Latimeria chalumnae,NA,Vertebrata,Latimeriidae,CR,2,152352,dcb0c76d-46a1-4e07-9a69-98cf3fd67576,NO_DEPTH,34.92,168,27.59,78,CAS,NA,NA,NA,Collection,NA,NA,FN2-30999390-62-CAS,NA,CC BY 4.0,NA,62,NA,NA,NA,NA,NA,NA,M'Latamou, Oussoufa (fisherman),NA,NA,NA,NA,present,FN2-30999390-62-CAS,Grande Comore I.,Comoro Is.,42307.00000000000000,NA,NA,NA,NA,NA,NA,NA,NA,NA,NA,NA,NA,NA,NA,NA,NA,NA,NA,NA,NA,NA,NA,NA,NA,NA,NA,NA,NA
Gnathostomata,Comoros,NA,urn:lsid:marinespecies.org:taxname:217438,NA,Latimeria chalumnae,1,FALSE,163509,NA,217438,-11.430278,Sarcopterygii,1828,1821,178651,61887,PreservedSpecimen,FALSE,115edaae-18dc-4b1c-b233-10b69113ff4a,Osteichthyes,Coelacanthiformes,36fbc01b-72bd-42f0-af0a-e1701cddcf94,Indian Ocean, Western, Grand Comore, Djomani au Nord Dela,43.259444,Ich,NA,217438,NA,NA,Latimeria,0000-00-00,FALSE,FALSE,205486,Latimeria chalumnae,TRUE,NA,146419,MCZ,NA,Coelacanthi,163510,NA,Animalia,843665,NA,Chordata,Latimeria chalumnae,NA,Vertebrata,Latimeriidae,CR,2,152352,dcb0c76d-46a1-4e07-9a69-98cf3fd67576,NO_DEPTH,NA,1007,NA,2,MCZ,NA,NA,NA,Collection,NA,NA,FN2-40967387-10-MCZ,NA,CC BY 4.0,NA,10,NA,NA,NA,NA,NA,NA,[no agent data],NA,NA,NA,NA,present,FN2-40967387-10-MCZ,NA,Comoros Archipelago,2496,NA,NA,NA,NA,NA,NA,NA,NA,NA,NA,NA,NA,NA,NA,NA,NA,NA,NA,NA,NA,NA,NA,NA,NA,NA,NA,NA,NA
Gnathostomata,Comoro Islands,1966,urn:lsid:marinespecies.org:taxname:217438,NA,Latimeria chalumnae,1,FALSE,163509,NA,217438,-11.696886,Sarcopterygii,1828,1821,178651,YPM ICH 001482,PreservedSpecimen,FALSE,18ac4dfd-3314-44ed-926d-c295de264eb9,Osteichthyes,Coelacanthiformes,36fbc01b-72bd-42f0-af0a-e1701cddcf94,Indian Ocean,,43.248641,VZ,-120009600000,217438,-120009600000,NA,Latimeria,1966-03-14,FALSE,FALSE,205486,Latimeria chalumnae,TRUE,NA,146419,YPM,-120009600000,Coelacanthi,163510,NA,Animalia,843665,NA,Chordata,Latimeria chalumnae,NA,Vertebrata,Latimeriidae,CR,2,152352,dcb0c76d-46a1-4e07-9a69-98cf3fd67576,NO_DEPTH,34.92,168,27.59,78,YPM,NA,NA,NA,Collection,NA,NA,FN2-46208498-26-YPM,NA,CC BY 4.0,NA,26,NA,NA,NA,NA,NA,NA,Ali M'voura,NA,NA,NA,NA,present,FN2-46208498-26-YPM,NA,NA,42307,NA,NA,NA,NA,NA,NA,NA,NA,NA,NA,NA,NA,NA,NA,NA,NA,NA,NA,NA,NA,NA,NA,NA,NA,NA,NA,NA,NA
Gnathostomata,Comoros,1973,urn:lsid:marinespecies.org:taxname:217438,NA,Latimeria chalumnae,1,FALSE,163509,NA,217438,-11.744016,Sarcopterygii,1828,1821,178651,33111,PreservedSpecimen,FALSE,1c4f85f9-139a-4208-9bbb-a591958351d0,Osteichthyes,Coelacanthiformes,36fbc01b-72bd-42f0-af0a-e1701cddcf94,M'Bochili, near Iconi, ca. 400m offshore.,43.227405,ICH,123206400000,217438,123206400000,NA,Latimeria,1973-11-27,FALSE,FALSE,205486,Latimeria chalumnae,TRUE,NA,146419,CAS,123206400000,Coelacanthi,163510,NA,Animalia,843665,NA,Chordata,Latimeria chalumnae,NA,Vertebrata,Latimeriidae,CR,2,152352,dcb0c76d-46a1-4e07-9a69-98cf3fd67576,NO_DEPTH,34.92,391,27.59,-1,CAS,NA,NA,NA,Collection,NA,NA,FN2-31023326-62-CAS,NA,CC BY 4.0,NA,62,NA,NA,NA,NA,NA,NA,Moussa, Altoumani,NA,NA,NA,NA,present,FN2-31023326-62-CAS,Grande Comore I.,Comoro Is.,621.00000000000000,NA,NA,NA,NA,NA,NA,NA,NA,NA,NA,NA,NA,NA,NA,NA,NA,NA,NA,NA,NA,NA,NA,NA,NA,NA,NA,NA,NA
Gnathostomata,Comoros,NA,urn:lsid:marinespecies.org:taxname:217438,NA,Latimeria chalumnae,NA,FALSE,163509,NA,217438,-10,Sarcopterygii,1828,1821,178651,MNHN 1989-0806,PreservedSpecimen,FALSE,1df044af-0bae-4efc-9dbe-f77336d8682d,Osteichthyes,Coelacanthiformes,9b787218-7138-4ffa-8ba6-36d63d391f8c,iconi,45,Occurrence,NA,217438,NA,NA,Latimeria,NA,FALSE,FALSE,205486,Latimeria chalumnae,TRUE,alcool,146419,MNHN,NA,Coelacanthi,163510,Africa,Animalia,843665,NA,Chordata,Latimeria chalumnae,NA,Vertebrata,Latimeriidae,CR,2,152352,310922b4-9d0c-4de1-92d7-9b442d34765b,NA,35.02,146551,27.26,3774,NA,NA,NA,NA,NA,NA,NA,NA,NA,NA,NA,NA,NA,Smith, 1939,NA,NA,femelle,NA,madi-m'ze, miss.orstom,NA,NA,NA,Eviscere / 19,5 Kg  / LOC.: environ 600 m de la cote (ICONI) - Exemplaire no 4 (cf. Millot, Anthony et Robineau, Bull. Mus. Hist. nat., 1972, 3e serie (53), Zool. 39 : 541) - Appat : Promethichthys prometheus Collecting Method: ligne,NA,NA,NA,NA,NA,observedindividualcount=1;,390,390,NA,NA,NA,NA,NA,NA,NA,NA,NA,NA,NA,NA,NA,NA,NA,NA,NA,NA,NA,NA,NA,NA,NA,NA,NA
Gnathostomata,NA,1939,urn:lsid:marinespecies.org:taxname:217438,NA,Latimeria chalumnae,NA,FALSE,163509,NA,217438,-12.2333335876,Sarcopterygii,1828,1821,178651,65952,HumanObservation,FALSE,262fd70c-4d33-464c-889e-1b9717c3f09c,Osteichthyes,Coelacanthiformes,d0d2a510-ba24-487b-80ca-afc86922cb1c,Comoros Archipelago,43.3833351135,INDOBIS-DATASET1,-962582400000,217438,-962582400000,NA,Latimeria,1939-07-02T12:00:00Z,FALSE,FALSE,205486,Latimeria chalumnae,TRUE,NA,146419,NCL,-962582400000,Coelacanthi,163510,NA,Animalia,843665,NA,Chordata,Latimeria chalumnae,NA,Vertebrata,Latimeriidae,CR,2,152352,310922b4-9d0c-4de1-92d7-9b442d34765b,NO_DEPTH,34.92,26486,27.61,3124,NA,NA,NA,NA,NA,NA,NA,NA,NA,NA,NA,NA,NA,Smith,NA,NA,NA,NA,NA,NA,NA,NA,NA,NA,NA,NA,NA,NA,NA,NA,NA,Accepted,NA,NA,NA,NA,NA,NA,NA,NA,NA,NA,NA,NA,NA,NA,NA,NA,NA,NA,NA,NA,NA,NA,NA,NA
Gnathostomata,Comoros,1964,urn:lsid:marinespecies.org:taxname:217438,NA,Latimeria chalumnae,NA,FALSE,163509,NA,217438,-12.1666667,Sarcopterygii,1828,1821,178651,67-134,PreservedSpecimen,FALSE,29520791-d789-401a-a46c-778dfdf8bc56,Osteichthyes,Coelacanthiformes,36fbc01b-72bd-42f0-af0a-e1701cddcf94,West Indian Ocean, Comoros | W Indian Ocean | Anjouan Island: 0.5 mi off Mutsamudu; 0.5 mi,44.1666667,Marine Vertebrates,-159580800000,217438,-159580800000,NA,Latimeria,1964-12-11,FALSE,FALSE,205486,Latimeria chalumnae,TRUE,NA,146419,SIO,-159580800000,Coelacanthi,163510,NA,Animalia,843665,NA,Chordata,Latimeria chalumnae,NA,Vertebrata,Latimeriidae,CR,2,152352,dcb0c76d-46a1-4e07-9a69-98cf3fd67576,NO_DEPTH,34.9,3452,27.6,16,SIO,NA,NA,NA,Collection,NA,NA,FN2-56451771-16-SIO,NA,CC BY 4.0,NA,16,NA,NA,NA,NA,NA,NA,M Gordon,NA,NA,NA,NA,present,FN2-56451771-16-SIO,NA,NA,NA,NA,NA,NA,NA,NA,NA,NA,NA,NA,NA,NA,NA,NA,NA,NA,NA,NA,NA,NA,NA,NA,NA,NA,NA,NA,NA,NA,NA
Gnathostomata,Comores,1995,urn:lsid:marinespecies.org:taxname:217438,1995,Latimeria chalumnae,1.0,FALSE,163509,NA,217438,-11.5583000183,Sarcopterygii,1828,1821,178651,36387,PreservedSpecimen,FALSE,309aef17-e637-4c76-b046-b7539a0977e5,Osteichthyes,Coelacanthiformes,9ff216fc-777e-4f9b-9860-95ed7366870d,Hahaia, 800-1000m offshore,43.2583007812,SAIAB,7.96176e+11,217438,7.96176e+11,3,Latimeria,1995-03-26T12:00:00Z,FALSE,FALSE,205486,Latimeria chalumnae,TRUE,Propanol,146419,SAIAB,7.96176e+11,Coelacanthi,163510,Indian,Animalia,843665,SAIAB SAIAB 57071,Chordata,Latimeria chalumnae,100.0,Vertebrata,Latimeriidae,CR,2,152352,14fc439c-707d-41d6-a3d4-b9d2696205fe,NO_DEPTH,NA,942,NA,257,NA,NA,NA,NA,NA,NA,NA,NA,NA,NA,NA,NA,NA,NA,NA,NA,NA,NA,Robin Stobbs,NA,NA,NA,NA,NA,NA,NA,NA,NA,NA,NA,NA,NA,26,NA,NA,NA,NA,NA,NA,NA,NA,NA,NA,NA,NA,NA,NA,NA,NA,NA,NA,NA,NA,NA,NA,NA
Gnathostomata,Comoros,NA,urn:lsid:marinespecies.org:taxname:217438,NA,Latimeria chalumnae,NA,FALSE,163509,NA,217438,-11.8166666031,Sarcopterygii,1828,1821,178651,RUSI 9981,PreservedSpecimen,FALSE,36ec1246-814e-4369-a122-d747c2a89906,Osteichthyes,Coelacanthiformes,9b787218-7138-4ffa-8ba6-36d63d391f8c,Indian Ocean Off Grande Comore,43.0166664124,Occurrence,NA,217438,NA,NA,Latimeria,NA,FALSE,FALSE,205486,Latimeria chalumnae,TRUE,60% Propanol,146419,RUSI,NA,Coelacanthi,163510,Africa,Animalia,843665,NA,Chordata,Latimeria chalumnae,NA,Vertebrata,Latimeriidae,CR,2,152352,310922b4-9d0c-4de1-92d7-9b442d34765b,NO_DEPTH,34.93,24555,27.61,317,NA,NA,NA,NA,NA,NA,NA,NA,NA,NA,NA,NA,NA,Smith, 1939,NA,NA,male,NA,Sasol I Pty Ltd,NA,NA,NA,NA,NA,NA,NA,NA,NA,observedindividualcount=1;,NA,NA,NA,NA,Grande Comore,NA,NA,NA,NA,NA,NA,NA,NA,NA,NA,NA,NA,NA,NA,NA,NA,NA,NA,NA,NA,NA,NA
Gnathostomata,Mozambique,1991,urn:lsid:marinespecies.org:taxname:217438,1991,Latimeria chalumnae,1.0,FALSE,163509,CCC 162.13,217438,-17.3166999817,Sarcopterygii,1828,1821,178651,24362,PreservedSpecimen,FALSE,394464eb-8db3-4744-b326-e9d8d8b173f0,Osteichthyes,Coelacanthiformes,9ff216fc-777e-4f9b-9860-95ed7366870d,Off Pebane,38.6333007812,SAIAB,681868800000,217438,681868800000,8,Latimeria,1991-08-11T12:00:00Z,FALSE,FALSE,205486,Latimeria chalumnae,TRUE,Ethanol,146419,SAIAB,681868800000,Coelacanthi,163510,Indian,Animalia,843665,SAIAB SAIAB 37327,Chordata,Latimeria chalumnae,100.0,Vertebrata,Latimeriidae,CR,2,152352,14fc439c-707d-41d6-a3d4-b9d2696205fe,NO_DEPTH,34.14,18152,26.75,43,NA,NA,NA,NA,NA,NA,NA,NA,NA,NA,NA,NA,NA,NA,NA,NA,NA,NA,Kenji Yoshida,NA,NA,NA,NA,NA,NA,NA,NA,NA,NA,NA,NA,NA,11,NA,NA,NA,NA,NA,NA,NA,NA,NA,NA,NA,NA,NA,NA,NA,NA,NA,NA,NA,NA,NA,NA,NA
Gnathostomata,Comores,1952,urn:lsid:marinespecies.org:taxname:319139,1952,Latimeria chalumnae,1.0,FALSE,163509,CCC 2,217438,-12.25,Sarcopterygii,1828,1821,178651,523,PreservedSpecimen,FALSE,3e912877-1264-47c4-800c-a566b9760ea6,Osteichthyes,Coelacanthiformes,9ff216fc-777e-4f9b-9860-95ed7366870d,South of Domoni,43.6333007812,SAIAB,-537494400000,217438,-537494400000,12,Latimeria,1952-12-20T12:00:00Z,FALSE,FALSE,205486,Malania anjouanae,TRUE,Ethanol,146419,SAIAB,-537494400000,Coelacanthi,163510,NA,Animalia,843665,SAIAB SAIAB 600,Chordata,Latimeria chalumnae,100.0,Vertebrata,Latimeriidae,CR,2,152352,14fc439c-707d-41d6-a3d4-b9d2696205fe,NO_DEPTH,34.92,783,27.61,-1,NA,NA,NA,NA,NA,NA,NA,NA,NA,NA,NA,NA,NA,NA,NA,NA,NA,NA,A Hussein,NA,NA,NA,NA,NA,NA,NA,NA,NA,NA,NA,NA,Holotype,20,NA,NA,NA,NA,NA,NA,NA,NA,NA,NA,NA,NA,NA,NA,NA,NA,NA,NA,NA,NA,NA,NA,NA
Gnathostomata,Madagascar,1986,urn:lsid:marinespecies.org:taxname:217438,1986,Latimeria chalumnae,NA,FALSE,163509,NA,217438,-11.6666666667,Sarcopterygii,1828,1821,178651,51809,HumanObservation,FALSE,460159c2-7858-4645-bd60-aef3040b4e6f,Osteichthyes,Coelacanthiformes,b8617377-eb1c-4db2-baa6-8788a632e810,Grand Comore Island, Icone Village, Indian Ocean,43.2666666667,Fishes,532483200000,217438,532483200000,11,Latimeria,1986-11-16T00:00:00Z,FALSE,FALSE,205486,Latimeria chalumnae,TRUE,NA,146419,ROM,532483200000,Coelacanthi,163510,NA,Animalia,843665,CCC138,Chordata,Latimeria chalumnae,NA,Vertebrata,Latimeriidae,CR,2,152352,310922b4-9d0c-4de1-92d7-9b442d34765b,NO_DEPTH,ON_LAND,NA,-107,NA,-101,NA,NA,NA,NA,NA,NA,NA,NA,NA,NA,NA,NA,NA,NA,NA,NA,NA,NA,Local Fishermen,NA,NA,NA,NA,NA,NA,NA,NA,NA,observedindividualcount=1;,NA,NA,NA,NA,Comores Archipelago,NA,NA,NA,NA,NA,NA,NA,NA,NA,NA,NA,NA,NA,NA,NA,NA,NA,NA,NA,NA,NA,NA
Gnathostomata,Mozambique,1991,urn:lsid:marinespecies.org:taxname:217438,1991,Latimeria chalumnae,1.0,FALSE,163509,CCC 162.6,217438,-17.3166999817,Sarcopterygii,1828,1821,178651,24360,PreservedSpecimen,FALSE,4a1a70dc-6b0d-455b-824f-8e9967cc70fa,Osteichthyes,Coelacanthiformes,9ff216fc-777e-4f9b-9860-95ed7366870d,Off Pebane,38.6333007812,SAIAB,681868800000,217438,681868800000,8,Latimeria,1991-08-11T12:00:00Z,FALSE,FALSE,205486,Latimeria chalumnae,TRUE,Ethanol,146419,SAIAB,681868800000,Coelacanthi,163510,Indian,Animalia,843665,SAIAB SAIAB 37324,Chordata,Latimeria chalumnae,100.0,Vertebrata,Latimeriidae,CR,2,152352,14fc439c-707d-41d6-a3d4-b9d2696205fe,NO_DEPTH,34.14,18152,26.75,43,NA,NA,NA,NA,NA,NA,NA,NA,NA,NA,NA,NA,NA,NA,NA,NA,NA,NA,Kenji Yoshida,NA,NA,NA,NA,NA,NA,NA,NA,NA,NA,NA,NA,NA,11,NA,NA,NA,NA,NA,NA,NA,NA,NA,NA,NA,NA,NA,NA,NA,NA,NA,NA,NA,NA,NA,NA,NA
Gnathostomata,Comoros,1952,urn:lsid:marinespecies.org:taxname:319139,1952,Latimeria chalumnae,1.0,FALSE,163509,NA,217438,-12.1999998093,Sarcopterygii,1828,1821,178651,163126.5049384,PreservedSpecimen,FALSE,5be291ee-c337-486e-8400-836c0fb72bc1,Osteichthyes,Coelacanthiformes,d6d6fe4c-425f-4ce7-bf28-7a6befaeb413,Indian Ocean: Comoro Archi., Domoni, Anjouan Id.,44.5,Vertebrate Zoology; Fishes,-537494400000,217438,-537494400000,12,Latimeria,1952-12-20T12:00:00Z,FALSE,FALSE,205486,Malania anjouanae,TRUE,NA,146419,USNM,-537494400000,Coelacanthi,163510,Indian,Animalia,843665,NA,Chordata,Latimeria chalumnae,NA,Vertebrata,Latimeriidae,CR,2,152352,310922b4-9d0c-4de1-92d7-9b442d34765b,NO_DEPTH,ON_LAND,34.9,-2019,27.62,-178,NA,NA,NA,NA,NA,NA,NA,NA,NA,NA,Department of Vertebrate Zoology, Research and Collections Information System, NMNH, Smithsonian Institution,NA,NA,Smith,NA,NA,NA,NA,Native,NA,NA,NA,NA,NA,NA,NA,NA,NA,NA,NA,NA,Type,20,NA,National Museum of Natural History, Smithsonian Institution,NA,NA,NA,NA,NA,NA,NA,NA,NA,NA,NA,NA,NA,NA,NA,NA,NA,NA,NA,NA,NA
Gnathostomata,Comores,1952,urn:lsid:marinespecies.org:taxname:319139,1952,Latimeria chalumnae,1.0,FALSE,163509,CCC 2,217438,-12.25,Sarcopterygii,1828,1821,178651,527,PreservedSpecimen,FALSE,5eaae4b5-4a64-459e-8839-f253c92acb6d,Osteichthyes,Coelacanthiformes,9ff216fc-777e-4f9b-9860-95ed7366870d,South of Domoni,43.6333007812,SAIAB,-537494400000,217438,-537494400000,12,Latimeria,1952-12-20T12:00:00Z,FALSE,FALSE,205486,Malania anjouanae,TRUE,Skeletal,146419,SAIAB,-537494400000,Coelacanthi,163510,NA,Animalia,843665,SAIAB SAIAB 600,Chordata,Latimeria chalumnae,100.0,Vertebrata,Latimeriidae,CR,2,152352,14fc439c-707d-41d6-a3d4-b9d2696205fe,NO_DEPTH,34.92,783,27.61,-1,NA,NA,NA,NA,NA,NA,NA,NA,NA,NA,NA,NA,NA,NA,NA,NA,NA,NA,A Hussein,NA,NA,NA,NA,NA,NA,NA,NA,NA,NA,NA,NA,Holotype,20,NA,NA,NA,NA,NA,NA,NA,NA,NA,NA,NA,NA,NA,NA,NA,NA,NA,NA,NA,NA,NA,NA,NA
Gnathostomata,Comoro Islands,1989,urn:lsid:marinespecies.org:taxname:217438,1989,Latimeria chalumnae,1.0,FALSE,163509,CCC-153,217438,-11.8166999817,Sarcopterygii,1828,1821,178651,24138,PreservedSpecimen,FALSE,60c6b241-5905-4dcb-90c7-002e993b035e,Osteichthyes,Coelacanthiformes,9ff216fc-777e-4f9b-9860-95ed7366870d,Grande Comore,43.0167007446,SAIAB,602294400000,217438,602294400000,2,Latimeria,1989-02-01T12:00:00Z,FALSE,FALSE,205486,Latimeria chalumnae,TRUE,Propanol,146419,SAIAB,602294400000,Coelacanthi,163510,Indian,Animalia,843665,SAIAB SAIAB 37101,Chordata,Latimeria chalumnae,100.0,Vertebrata,Latimeriidae,CR,2,152352,14fc439c-707d-41d6-a3d4-b9d2696205fe,NO_DEPTH,34.93,24552,27.61,8,NA,NA,NA,NA,NA,NA,NA,NA,NA,NA,NA,NA,NA,NA,NA,NA,NA,NA,NA,NA,NA,NA,NA,NA,NA,NA,NA,NA,NA,NA,NA,NA,1,NA,NA,NA,NA,NA,NA,NA,NA,NA,NA,NA,NA,NA,NA,NA,NA,NA,NA,NA,NA,NA,NA,NA
Gnathostomata,Comoros,1965,urn:lsid:marinespecies.org:taxname:217438,NA,Latimeria chalumnae,1,FALSE,163509,NA,217438,-11.874339,Sarcopterygii,1828,1821,178651,6824-1,PreservedSpecimen,FALSE,63d38b0b-6850-4f4e-b476-93368451e790,Osteichthyes,Coelacanthiformes,36fbc01b-72bd-42f0-af0a-e1701cddcf94,Indian Ocean | Comoro Islands | - | - | Near SW coast of Grande Comore Island,43.358504,Fish,-149990400000,217438,-149990400000,NA,Latimeria,1965-04-01,FALSE,FALSE,205486,Latimeria chalumnae,TRUE,NA,146419,LACM,-149990400000,Coelacanthi,163510,NA,Animalia,843665,NA,Chordata,Latimeria chalumnae,NA,Vertebrata,Latimeriidae,CR,2,152352,dcb0c76d-46a1-4e07-9a69-98cf3fd67576,NO_DEPTH,34.92,1938,27.58,326,LACM,NA,NA,NA,Collection,NA,NA,FN2-38011414-9-LACM,NA,CC BY 4.0,NA,9,NA,NA,NA,NA,NA,NA,Commercial,NA,NA,NA,NA,present,FN2-38011414-9-LACM,NA,Comoros Islands,14619,NA,NA,NA,NA,NA,NA,NA,NA,NA,NA,NA,NA,NA,NA,NA,NA,NA,NA,NA,NA,NA,NA,NA,NA,NA,NA,NA,NA
Gnathostomata,Mozambique,1991,urn:lsid:marinespecies.org:taxname:217438,NA,Latimeria chalumnae,2,FALSE,163509,NA,217438,-17.316667,Sarcopterygii,1828,1821,178651,CMNFI 2006-0017.1,PreservedSpecimen,FALSE,67721d53-5ea1-4f3e-aaa9-d12b4f69baea,Osteichthyes,Coelacanthiformes,36fbc01b-72bd-42f0-af0a-e1701cddcf94,Small port of Pebane to the northeast of Quelimane,38.633333,CMNFI,681868800000,217438,681868800000,NA,Latimeria,1991-08-11,FALSE,FALSE,205486,Latimeria chalumnae,TRUE,NA,146419,CMN,681868800000,Coelacanthi,163510,NA,Animalia,843665,NA,Chordata,Latimeria chalumnae,NA,Vertebrata,Latimeriidae,CR,2,152352,dcb0c76d-46a1-4e07-9a69-98cf3fd67576,NO_DEPTH,34.14,18148,26.75,43,CMN,NA,NA,NA,Collection,NA,NA,FN2-42292860-6-CMN,NA,CC BY 4.0,NA,6,NA,NA,NA,NA,NA,NA,NA,NA,NA,NA,NA,present,FN2-42292860-6-CMN,NA,NA,NA,NA,NA,NA,NA,NA,NA,NA,NA,NA,NA,NA,NA,NA,NA,NA,NA,NA,NA,NA,NA,NA,NA,NA,NA,NA,NA,NA,NA
Gnathostomata,NA,1939,urn:lsid:marinespecies.org:taxname:217438,NA,Latimeria chalumnae,NA,FALSE,163509,NA,217438,-12.167,Sarcopterygii,1828,1821,178651,65952,HumanObservation,FALSE,6b61b866-475d-4f7f-8e42-22d6f16cb27c,Osteichthyes,Coelacanthiformes,6d4cc1ed-ed0a-4a17-abd3-7daaa8cb3fb0,Comoros,44.25,NA,-946857600000,217438,-978307200000,NA,Latimeria,1939,FALSE,FALSE,205486,Latimeria chalumnae,TRUE,NA,146419,CMLRE,-962582400000,Coelacanthi,163510,NA,Animalia,843665,NA,Chordata,Latimeria chalumnae,NA,Vertebrata,Latimeriidae,CR,2,152352,1a3b0f1a-4474-4d73-9ee1-d28f92a83996,NO_DEPTH,34.9,1403,27.61,2,NA,NA,NA,NA,NA,NA,NA,21440,NA,NA,NA,NA,NA,NA,NA,NA,NA,NA,NA,NA,NA,NA,NA,present,NA,NA,NA,NA,NA,NA,NA,NA,NA,NA,NA,This dataset was transferred from National Institute of Oceanography (NIO) by Dr. Mohideen Wafar,NIO,NA,NA,NA,NA,NA,NA,NA,NA,NA,NA,NA,NA,NA,NA,NA,NA,NA,NA,NA
Gnathostomata,Comoros,1963,urn:lsid:marinespecies.org:taxname:217438,NA,Latimeria chalumnae,NA,FALSE,163509,NA,217438,-12.1666667,Sarcopterygii,1828,1821,178651,67-135,PreservedSpecimen,FALSE,6e6a7474-5054-4f0d-8ae2-a0047b844abc,Osteichthyes,Coelacanthiformes,36fbc01b-72bd-42f0-af0a-e1701cddcf94,West Indian Ocean, Comoros | W Indian Ocean | Anjouan Island,44.1666667,Marine Vertebrates,-192067200000,217438,-192067200000,NA,Latimeria,1963-12-01,FALSE,FALSE,205486,Latimeria chalumnae,TRUE,NA,146419,SIO,-192067200000,Coelacanthi,163510,NA,Animalia,843665,NA,Chordata,Latimeria chalumnae,NA,Vertebrata,Latimeriidae,CR,2,152352,dcb0c76d-46a1-4e07-9a69-98cf3fd67576,NO_DEPTH,34.9,3452,27.6,16,SIO,NA,NA,NA,Collection,NA,NA,FN2-56451772-16-SIO,NA,CC BY 4.0,NA,16,NA,NA,NA,NA,NA,NA,gift:  A Mauge,NA,NA,NA,NA,present,FN2-56451772-16-SIO,NA,NA,NA,NA,NA,NA,NA,NA,NA,NA,NA,NA,NA,NA,NA,NA,NA,NA,NA,NA,NA,NA,NA,NA,NA,NA,NA,NA,NA,NA,NA
Gnathostomata,Comoros,1969,urn:lsid:marinespecies.org:taxname:217438,NA,Latimeria chalumnae,1,FALSE,163509,NA,217438,-12.166667,Sarcopterygii,1828,1821,178651,CMNFI 1969-0112.1,PreservedSpecimen,FALSE,6fc9a348-b19a-4b13-8cb9-176d6add039d,Osteichthyes,Coelacanthiformes,36fbc01b-72bd-42f0-af0a-e1701cddcf94,South Indian Ocean off Mutsamudu, Ile d'Anjouan, Comores Islands between North end Madagascar and East Africa,44.333333,CMNFI,-27561600000,217438,-27561600000,NA,Latimeria,1969-02-16,FALSE,FALSE,205486,Latimeria chalumnae,TRUE,NA,146419,CMN,-27561600000,Coelacanthi,163510,NA,Animalia,843665,NA,Chordata,Latimeria chalumnae,NA,Vertebrata,Latimeriidae,CR,2,152352,dcb0c76d-46a1-4e07-9a69-98cf3fd67576,NO_DEPTH,34.9,2402,27.61,50,CMN,NA,NA,NA,Collection,NA,NA,FN2-42306197-6-CMN,NA,CC BY 4.0,NA,6,NA,NA,NA,NA,NA,NA,Zema, M.,NA,NA,NA,NA,present,FN2-42306197-6-CMN,NA,NA,NA,NA,NA,NA,NA,NA,NA,NA,NA,NA,NA,NA,NA,NA,NA,NA,NA,NA,NA,NA,NA,NA,NA,NA,NA,NA,NA,NA,NA
Gnathostomata,Comoros,1973,urn:lsid:marinespecies.org:taxname:217438,NA,Latimeria chalumnae,NA,FALSE,163509,NA,217438,-11.5833333,Sarcopterygii,1828,1821,178651,75-347,PreservedSpecimen,FALSE,7022aa04-eef8-4a43-a323-eaca74779816,Osteichthyes,Coelacanthiformes,36fbc01b-72bd-42f0-af0a-e1701cddcf94,West Indian Ocean, Comoros | W Indian Ocean | Grand Comore Island: Iconi,43.3333333,Marine Vertebrates,122774400000,217438,122774400000,NA,Latimeria,1973-11-22,FALSE,FALSE,205486,Latimeria chalumnae,TRUE,NA,146419,SIO,122774400000,Coelacanthi,163510,NA,Animalia,843665,NA,Chordata,Latimeria chalumnae,NA,Vertebrata,Latimeriidae,CR,2,152352,dcb0c76d-46a1-4e07-9a69-98cf3fd67576,NO_DEPTH,ON_LAND,NA,-6777,NA,-504,SIO,NA,NA,NA,Collection,NA,NA,FN2-56467019-16-SIO,NA,CC BY 4.0,NA,16,NA,NA,NA,NA,NA,NA,I Mbelizi,NA,NA,NA,NA,present,FN2-56467019-16-SIO,NA,NA,NA,NA,NA,NA,NA,NA,NA,NA,NA,NA,NA,NA,NA,NA,NA,NA,NA,NA,NA,NA,NA,NA,NA,NA,NA,NA,NA,NA,NA
Gnathostomata,comores,NA,urn:lsid:marinespecies.org:taxname:217438,NA,Latimeria chalumnae,NA,FALSE,163509,NA,217438,-10,Sarcopterygii,1828,1821,178651,2005-0081,PreservedSpecimen,FALSE,75c35c54-b58e-41a3-8f3a-e67b18c516c4,Osteichthyes,Coelacanthiformes,705770e5-3474-4e69-be8b-3107a0c5610a,NA,45,IC,NA,217438,NA,NA,Latimeria,NA,FALSE,FALSE,205486,Latimeria chalumnae,TRUE,NA,146419,MNHN,NA,Coelacanthi,163510,indien,Animalia,843665,NA,Chordata,Latimeria chalumnae,NA,Vertebrata,Latimeriidae,CR,2,152352,310922b4-9d0c-4de1-92d7-9b442d34765b,NO_DEPTH,35.02,146551,27.26,3774,NA,NA,NA,NA,NA,NA,NA,NA,NA,NA,NA,NA,NA,smith,NA,NA,NA,NA,inconnu,NA,NA,NA,NA,NA,NA,NA,NA,NA,NA,NA,NA,NA,NA,NA,NA,NA,NA,NA,NA,NA,NA,NA,NA,NA,NA,NA,NA,NA,NA,NA,NA,NA,NA,NA,NA,NA
Gnathostomata,Comoro Islands,1989,urn:lsid:marinespecies.org:taxname:217438,1989,Latimeria chalumnae,1.0,FALSE,163509,CCC-153,217438,-11.8166999817,Sarcopterygii,1828,1821,178651,24139,PreservedSpecimen,FALSE,76770a97-d71d-4615-96e6-d7379acfc16f,Osteichthyes,Coelacanthiformes,9ff216fc-777e-4f9b-9860-95ed7366870d,Grande Comore,43.0167007446,SAIAB,602294400000,217438,602294400000,2,Latimeria,1989-02-01T12:00:00Z,FALSE,FALSE,205486,Latimeria chalumnae,TRUE,Skeletal,146419,SAIAB,602294400000,Coelacanthi,163510,Indian,Animalia,843665,SAIAB SAIAB 37101,Chordata,Latimeria chalumnae,100.0,Vertebrata,Latimeriidae,CR,2,152352,14fc439c-707d-41d6-a3d4-b9d2696205fe,NO_DEPTH,34.93,24552,27.61,8,NA,NA,NA,NA,NA,NA,NA,NA,NA,NA,NA,NA,NA,NA,NA,NA,NA,NA,NA,NA,NA,NA,NA,NA,NA,NA,NA,NA,NA,NA,NA,NA,1,NA,NA,NA,NA,NA,NA,NA,NA,NA,NA,NA,NA,NA,NA,NA,NA,NA,NA,NA,NA,NA,NA,NA
Gnathostomata,Comoro Islands,NA,urn:lsid:marinespecies.org:taxname:217438,NA,Latimeria chalumnae,NA,FALSE,163509,NA,217438,-12,Sarcopterygii,1828,1821,178651,22082,PreservedSpecimen,FALSE,791f0de3-2472-4b44-ba7e-9e147bb58648,Osteichthyes,Coelacanthiformes,36fbc01b-72bd-42f0-af0a-e1701cddcf94,no locality name,44,KUI,NA,217438,NA,NA,Latimeria,1986-00-00,FALSE,FALSE,205486,Latimeria chalumnae,TRUE,NA,146419,KU,NA,Coelacanthi,163510,NA,Animalia,843665,NA,Chordata,Latimeria chalumnae,NA,Vertebrata,Latimeriidae,CR,2,152352,dcb0c76d-46a1-4e07-9a69-98cf3fd67576,NO_DEPTH,34.9,28222,27.6,3137,KU,NA,NA,NA,Collection,NA,NA,FN2-57099356-23-KU,NA,CC BY 4.0,NA,23,NA,NA,NA,NA,NA,NA,NA,NA,NA,NA,NA,present,FN2-57099356-23-KU,NA,NA,NA,NA,NA,NA,NA,NA,NA,NA,NA,NA,NA,NA,NA,NA,NA,NA,NA,NA,NA,NA,NA,NA,NA,NA,NA,NA,NA,NA,NA
Gnathostomata,Comores,1980,urn:lsid:marinespecies.org:taxname:217438,1980,Latimeria chalumnae,1.0,FALSE,163509,CCC 118,217438,-11.8166999817,Sarcopterygii,1828,1821,178651,8215,PreservedSpecimen,FALSE,7b66d9fd-d1ba-4f4a-9aed-606db83a9a4a,Osteichthyes,Coelacanthiformes,9ff216fc-777e-4f9b-9860-95ed7366870d,Off Grande Comore,43.0167007446,SAIAB,327283200000,217438,327283200000,5,Latimeria,1980-05-16T12:00:00Z,FALSE,FALSE,205486,Latimeria chalumnae,TRUE,Propanol,146419,SAIAB,327283200000,Coelacanthi,163510,Indian,Animalia,843665,SAIAB SAIAB 9981,Chordata,Latimeria chalumnae,100.0,Vertebrata,Latimeriidae,CR,2,152352,14fc439c-707d-41d6-a3d4-b9d2696205fe,NO_DEPTH,34.93,24552,27.61,8,NA,NA,NA,NA,NA,NA,NA,NA,NA,NA,NA,NA,NA,NA,NA,NA,NA,NA,NA,NA,NA,NA,NA,NA,NA,NA,NA,NA,NA,NA,NA,NA,NA,NA,NA,NA,NA,NA,NA,NA,NA,NA,NA,NA,NA,NA,NA,NA,NA,NA,NA,NA,NA,NA,NA,NA
Gnathostomata,Comores,1954,urn:lsid:marinespecies.org:taxname:217438,NA,Latimeria chalumnae,1,FALSE,163509,NA,217438,-10,Sarcopterygii,1828,1821,178651,1989-0806,PreservedSpecimen,FALSE,7ca4d9dc-0314-4f2c-a58e-11ba94c0f2ff,Osteichthyes,Coelacanthiformes,36fbc01b-72bd-42f0-af0a-e1701cddcf94,iconi,45,IC,-502502400000,217438,-502502400000,NA,Latimeria,1954-01-29,FALSE,FALSE,205486,Latimeria chalumnae,TRUE,NA,146419,MNHN,-502502400000,Coelacanthi,163510,NA,Animalia,843665,NA,Chordata,Latimeria chalumnae,NA,Vertebrata,Latimeriidae,CR,2,152352,dcb0c76d-46a1-4e07-9a69-98cf3fd67576,NO_DEPTH,35.02,146551,27.26,3774,MNHN,NA,NA,NA,Collection,NA,NA,FN2-56843454-8-MNHN,NA,CC BY 4.0,NA,8,NA,NA,NA,NA,NA,NA,"madi-m'ze|orstom, miss.",NA,NA,NA,NA,present,FN2-56843454-8-MNHN,NA,NA,10,NA,NA,NA,NA,NA,NA,NA,NA,NA,NA,NA,NA,NA,NA,NA,NA,NA,NA,NA,NA,NA,NA,NA,NA,NA,NA,NA,NA
Gnathostomata,Comores,1980,urn:lsid:marinespecies.org:taxname:217438,1980,Latimeria chalumnae,1.0,FALSE,163509,CCC 118,217438,-11.8166999817,Sarcopterygii,1828,1821,178651,8213,HumanObservation,FALSE,8cee5855-4b34-4f6c-b89b-7d91cc4c94b3,Osteichthyes,Coelacanthiformes,9ff216fc-777e-4f9b-9860-95ed7366870d,Off Grande Comore,43.0167007446,SAIAB,327283200000,217438,327283200000,5,Latimeria,1980-05-16T12:00:00Z,FALSE,FALSE,205486,Latimeria chalumnae,TRUE,Illustration,146419,SAIAB,327283200000,Coelacanthi,163510,Indian,Animalia,843665,SAIAB SAIAB 9981,Chordata,Latimeria chalumnae,100.0,Vertebrata,Latimeriidae,CR,2,152352,14fc439c-707d-41d6-a3d4-b9d2696205fe,NO_DEPTH,34.93,24552,27.61,8,NA,NA,NA,NA,NA,NA,NA,NA,NA,NA,NA,NA,NA,NA,NA,NA,NA,NA,NA,NA,NA,NA,NA,NA,NA,NA,NA,NA,NA,NA,NA,NA,NA,NA,NA,NA,NA,NA,NA,NA,NA,NA,NA,NA,NA,NA,NA,NA,NA,NA,NA,NA,NA,NA,NA,NA
Gnathostomata,Madagascar,NA,urn:lsid:marinespecies.org:taxname:217438,NA,Latimeria chalumnae,NA,FALSE,163509,NA,217438,-11.6666669846,Sarcopterygii,1828,1821,178651,51809,PreservedSpecimen,FALSE,8f7a7024-dbf1-49fa-b6f0-1d1057163323,Osteichthyes,Coelacanthiformes,c24bf1c2-2c62-4056-a841-56d94e6e876a,Indian Ocean; Grand Comore Island, Icone Village,43.2666664124,Ichthyology,NA,217438,NA,NA,Latimeria,NA,FALSE,FALSE,205486,Latimeria chalumnae,TRUE,NA,146419,ROM,NA,Coelacanthi,163510,NA,Animalia,843665,NA,Chordata,Latimeria chalumnae,NA,Vertebrata,Latimeriidae,CR,2,152352,310922b4-9d0c-4de1-92d7-9b442d34765b,NO_DEPTH,ON_LAND,NA,-107,NA,-2,NA,NA,NA,NA,NA,NA,NA,NA,NA,NA,NA,NA,NA,NA,NA,NA,NA,NA,Local Fishermen,NA,NA,NA,NA,NA,NA,NA,NA,NA,NA,NA,NA,NA,NA,Comores Archipelago,NA,NA,NA,NA,NA,NA,NA,NA,NA,NA,NA,NA,NA,NA,NA,NA,NA,NA,NA,NA,NA,NA
Gnathostomata,Comoros,1964,urn:lsid:marinespecies.org:taxname:217438,NA,Latimeria chalumnae,1,FALSE,163509,NA,217438,-12.15787,Sarcopterygii,1828,1821,178651,6691-1,PreservedSpecimen,FALSE,92d87aba-f8cb-49c6-afea-89e628b51f3e,Osteichthyes,Coelacanthiformes,36fbc01b-72bd-42f0-af0a-e1701cddcf94,Indian Ocean | Comoro Islands | Anjoyan | - | Western Indian Ocean, 0.5 mi from shore off town of Mutsamudu, on island of Anjoyan,44.392913,Fish,-159580800000,217438,-159580800000,NA,Latimeria,1964-12-11,FALSE,FALSE,205486,Latimeria chalumnae,TRUE,NA,146419,LACM,-159580800000,Coelacanthi,163510,NA,Animalia,843665,NA,Chordata,Latimeria chalumnae,NA,Vertebrata,Latimeriidae,CR,2,152352,dcb0c76d-46a1-4e07-9a69-98cf3fd67576,NO_DEPTH,34.9,719,27.6,87,LACM,NA,NA,NA,Collection,NA,NA,FN2-38010650-9-LACM,NA,CC BY 4.0,NA,9,NA,NA,NA,NA,NA,NA,commercial fisherman,NA,NA,NA,NA,present,FN2-38010650-9-LACM,Anjouan,Comoros Islands,3036,NA,NA,NA,NA,NA,NA,NA,NA,NA,NA,NA,NA,NA,NA,NA,NA,NA,NA,NA,NA,NA,NA,NA,NA,NA,NA,NA,NA
Gnathostomata,NA,1939,urn:lsid:marinespecies.org:taxname:217438,NA,Latimeria chalumnae,NA,FALSE,163509,NA,217438,-12.233334,Sarcopterygii,1828,1821,178651,65952,HumanObservation,FALSE,979e4a0d-775d-4506-877e-de1008cfe433,Osteichthyes,Coelacanthiformes,6d4cc1ed-ed0a-4a17-abd3-7daaa8cb3fb0,Comoros Archipelago,43.383335,NA,-946857600000,217438,-978307200000,NA,Latimeria,1939,FALSE,FALSE,205486,Latimeria chalumnae,TRUE,NA,146419,CMLRE,-962582400000,Coelacanthi,163510,NA,Animalia,843665,NA,Chordata,Latimeria chalumnae,NA,Vertebrata,Latimeriidae,CR,2,152352,1a3b0f1a-4474-4d73-9ee1-d28f92a83996,NO_DEPTH,34.92,26486,27.61,3124,NA,NA,NA,NA,NA,NA,NA,21439,NA,NA,NA,NA,NA,NA,NA,NA,NA,NA,NA,NA,NA,NA,NA,present,NA,NA,NA,NA,NA,NA,NA,NA,NA,NA,NA,This dataset was transferred from National Institute of Oceanography (NIO) by Dr. Mohideen Wafar,NIO,NA,NA,NA,NA,NA,NA,NA,NA,NA,NA,NA,NA,NA,NA,NA,NA,NA,NA,NA
Gnathostomata,Comoros,NA,urn:lsid:marinespecies.org:taxname:217438,NA,Latimeria chalumnae,NA,FALSE,163509,NA,217438,-11.5583333969,Sarcopterygii,1828,1821,178651,RUSI 57071,PreservedSpecimen,FALSE,a03ec45f-b7e8-4532-bfc0-e3aaed69c8e1,Osteichthyes,Coelacanthiformes,9b787218-7138-4ffa-8ba6-36d63d391f8c,Indian Ocean Hahaia, 800-1000m offshore,43.2583351135,Occurrence,NA,217438,NA,NA,Latimeria,NA,FALSE,FALSE,205486,Latimeria chalumnae,TRUE,60% Propanol,146419,RUSI,NA,Coelacanthi,163510,Africa,Animalia,843665,NA,Chordata,Latimeria chalumnae,NA,Vertebrata,Latimeriidae,CR,2,152352,310922b4-9d0c-4de1-92d7-9b442d34765b,DEPTH_EXCEEDS_BATH,NA,939,NA,113,NA,NA,NA,NA,NA,NA,NA,NA,NA,NA,NA,NA,NA,Smith, 1939,NA,NA,F,NA,Stobbs RE,NA,NA,NA,Egg folicles only Collecting Method: Hand-line,NA,NA,NA,NA,NA,observedindividualcount=1;,200,200,NA,NA,Grand Comore,NA,NA,NA,NA,NA,NA,NA,NA,NA,NA,NA,NA,NA,NA,NA,NA,NA,NA,NA,NA,NA,NA
Gnathostomata,NA,1989,NA,NA,Latimeria chalumnae,1,FALSE,163509,NA,217438,-11.5608,Sarcopterygii,1828,1821,178651,CMNFI 2006-0016.1,PreservedSpecimen,FALSE,a4e65f2f-9ebc-4e03-a329-376e864caa5c,Osteichthyes,Coelacanthiformes,9f1a9d1c-833e-4fbc-9ecf-1918c7a8b699,Hahaya (=Hahaia),43.2622,CMNFI,614649600000,217438,614649600000,NA,Latimeria,1989-06-24,FALSE,FALSE,205486,Latimeria chalumnae Smith, 1939,TRUE,fluid,146419,CMN,614649600000,Coelacanthi,163510,NA,Animalia,843665,NA,Chordata,Latimeria chalumnae,NA,Vertebrata,Latimeriidae,CR,2,152352,7dfb2d90-9317-434d-8d4e-64adf324579a,NO_DEPTH,NA,568,NA,113,Canadian Museum of Nature,http://biocol.org/urn:lsid:biocol.org:col:34935,Grande Comore I.,en,PhysicalObject,2021-02-02 06:30,1989-06-24,d2b36353-9f42-f424-05b3-b62766bbcf54,11 33 39 S,http://creativecommons.org/licenses/by/4.0/legalcode,(CMNFI 2006-0016.1),http://grbio.org/cool/fpjs-vpys,Animalia; Chordata; Vertebrata; Gnathostomata; Sarcopterygii; Coelacanthimorpha; Coelacanthiformes; Latimeriidae; Latimeria;,Smith, 1939,Species,043 15 44 E,female,Fish,NA,adult,CMNFI 2006-0016,https://doi.org/10.15468/va0trp,specimen dissected on 21 May 1991 at the University of Guelph; contained 59 vitellogenic eggs; specimen dissected on 21 May 1991 at the University of Guelph; contained 59 vitellogenic eggs; full size mount and cast made and kept at the University of Guelph\nPrior Description: false; specimen dissected on 21 May 1991 at the University of Guelph; contained 59 vitellogenic eggs\nPrior Description: false,NA,NA,NA,NA,NA,NA,NA,NA,NA,NA,NA,NA,NA,NA,45m-45m,NA,NA,NA,NA,NA,NA,NA,NA,NA,NA,NA,NA,NA,NA,NA,NA,NA,NA
Gnathostomata,Comoro Islands,1972,urn:lsid:marinespecies.org:taxname:217438,NA,Latimeria chalumnae,1,FALSE,163509,NA,217438,-12.283548,Sarcopterygii,1828,1821,178651,YPM ICH 007055,PreservedSpecimen,FALSE,a7f05ac8-de64-4361-9ee4-36352ad4c2f4,Osteichthyes,Coelacanthiformes,36fbc01b-72bd-42f0-af0a-e1701cddcf94,Indian Ocean,,44.386455,VZ,63417600000,217438,63417600000,NA,Latimeria,1972-01-05,FALSE,FALSE,205486,Latimeria chalumnae,TRUE,NA,146419,YPM,63417600000,Coelacanthi,163510,NA,Animalia,843665,NA,Chordata,Latimeria chalumnae,NA,Vertebrata,Latimeriidae,CR,2,152352,dcb0c76d-46a1-4e07-9a69-98cf3fd67576,NO_DEPTH,34.9,1638,27.62,24,YPM,NA,NA,NA,Collection,NA,NA,FN2-46209656-26-YPM,NA,CC BY 4.0,NA,26,NA,NA,NA,NA,NA,NA,Robert W. Griffith,NA,NA,NA,NA,present,FN2-46209656-26-YPM,NA,NA,29051,NA,NA,NA,NA,NA,NA,NA,NA,NA,NA,NA,NA,NA,NA,NA,NA,NA,NA,NA,NA,NA,NA,NA,NA,NA,NA,NA,NA
Gnathostomata,Comores,1952,urn:lsid:marinespecies.org:taxname:319139,1952,Latimeria chalumnae,1.0,FALSE,163509,CCC 2,217438,-12.25,Sarcopterygii,1828,1821,178651,526,PreservedSpecimen,FALSE,a88bc0b1-8ba5-4332-ad03-5f982069aa3b,Osteichthyes,Coelacanthiformes,9ff216fc-777e-4f9b-9860-95ed7366870d,South of Domoni,43.6333007812,SAIAB,-537494400000,217438,-537494400000,12,Latimeria,1952-12-20T12:00:00Z,FALSE,FALSE,205486,Malania anjouanae,TRUE,Ethanol,146419,SAIAB,-537494400000,Coelacanthi,163510,NA,Animalia,843665,SAIAB SAIAB 600,Chordata,Latimeria chalumnae,100.0,Vertebrata,Latimeriidae,CR,2,152352,14fc439c-707d-41d6-a3d4-b9d2696205fe,NO_DEPTH,34.92,783,27.61,-1,NA,NA,NA,NA,NA,NA,NA,NA,NA,NA,NA,NA,NA,NA,NA,NA,NA,NA,A Hussein,NA,NA,NA,NA,NA,NA,NA,NA,NA,NA,NA,NA,Holotype,20,NA,NA,NA,NA,NA,NA,NA,NA,NA,NA,NA,NA,NA,NA,NA,NA,NA,NA,NA,NA,NA,NA,NA
Gnathostomata,Comoros,1969,urn:lsid:marinespecies.org:taxname:217438,NA,Latimeria chalumnae,1,FALSE,163509,NA,217438,-12.162083,Sarcopterygii,1828,1821,178651,27009,PreservedSpecimen,FALSE,b9957605-d3b4-4b0a-8fd4-6dea3f7fcc52,Osteichthyes,Coelacanthiformes,36fbc01b-72bd-42f0-af0a-e1701cddcf94,Comores Island, Ile D'Anjovan, Off Mutsamuda, Indian Ocean,44.395038,Fishes,-27561600000,217438,-27561600000,NA,Latimeria,1969-02-16,FALSE,FALSE,205486,Latimeria chalumnae,TRUE,NA,146419,ROM,-27561600000,Coelacanthi,163510,NA,Animalia,843665,NA,Chordata,Latimeria chalumnae,NA,Vertebrata,Latimeriidae,CR,2,152352,dcb0c76d-46a1-4e07-9a69-98cf3fd67576,NO_DEPTH,34.9,284,27.6,-6,ROM,NA,NA,NA,Collection,NA,NA,FN2-47347454-15-ROM,NA,CC BY 4.0,NA,15,NA,NA,NA,NA,NA,NA,McAllister, D. E.,NA,NA,NA,NA,present,FN2-47347454-15-ROM,NA,NA,NA,NA,NA,NA,NA,NA,NA,NA,NA,NA,NA,NA,NA,NA,NA,NA,NA,NA,NA,NA,NA,NA,NA,NA,NA,NA,NA,NA,NA
Gnathostomata,Comoros,1969,urn:lsid:marinespecies.org:taxname:217438,1969,Latimeria chalumnae,NA,FALSE,163509,NA,217438,-12.162083,Sarcopterygii,1828,1821,178651,27009,HumanObservation,FALSE,bc4ee17b-05b9-4e8e-b20a-2f711415a87c,Osteichthyes,Coelacanthiformes,b8617377-eb1c-4db2-baa6-8788a632e810,Comores Island, Ile D'Anjovan, Off Mutsamuda, Indian Ocean,44.395038,Fishes,-27561600000,217438,-27561600000,02,Latimeria,1969-02-16T12:00:00Z,FALSE,FALSE,205486,Latimeria chalumnae,TRUE,NA,146419,ROM,-27561600000,Coelacanthi,163510,NA,Animalia,843665,NA,Chordata,Latimeria chalumnae,NA,Vertebrata,Latimeriidae,CR,2,152352,310922b4-9d0c-4de1-92d7-9b442d34765b,NO_DEPTH,34.9,284,27.6,-6,NA,NA,NA,NA,NA,NA,NA,NA,NA,NA,NA,NA,NA,NA,NA,NA,NA,NA,McAllister, D. E.,NA,NA,NA,NA,NA,NA,NA,NA,NA,observedindividualcount=1;,NA,NA,NA,16,NA,NA,NA,NA,NA,NA,NA,NA,NA,NA,NA,NA,NA,NA,NA,NA,NA,NA,NA,NA,NA,NA,NA
Gnathostomata,Mozambique,1991,NA,NA,Latimeria chalumnae,2,FALSE,163509,NA,217438,-17.3167,Sarcopterygii,1828,1821,178651,CMNFI 2006-0017.1,PreservedSpecimen,FALSE,bede76f4-aa5e-4bd5-a4c8-9d290c8a1455,Osteichthyes,Coelacanthiformes,9f1a9d1c-833e-4fbc-9ecf-1918c7a8b699,Small port of Pebane to the northeast of Quelimane,38.6333,CMNFI,681868800000,217438,681868800000,NA,Latimeria,1991-08-11,FALSE,FALSE,205486,Latimeria chalumnae Smith, 1939,TRUE,fluid; two jars,146419,CMN,681868800000,Coelacanthi,163510,NA,Animalia,843665,NA,Chordata,Latimeria chalumnae,NA,Vertebrata,Latimeriidae,CR,2,152352,7dfb2d90-9317-434d-8d4e-64adf324579a,NO_DEPTH,34.14,18152,26.75,43,Canadian Museum of Nature,http://biocol.org/urn:lsid:biocol.org:col:34935,NA,en,PhysicalObject,2021-02-02 06:30,1991-08-11,ab0e4ee7-9407-4074-be9d-e520e76c123c,17 19 00 S,http://creativecommons.org/licenses/by/4.0/legalcode,(CMNFI 2006-0017.1),http://grbio.org/cool/fpjs-vpys,Animalia; Chordata; Vertebrata; Gnathostomata; Sarcopterygii; Coelacanthimorpha; Coelacanthiformes; Latimeriidae; Latimeria;,Smith, 1939,Species,038 38 00 E,NA,Fish,NA,young,CMNFI 2006-0017,https://doi.org/10.15468/va0trp,embryos taken from large female of 179 cm TL, weight: 98 kg.  Female was carrying 26 pups ranging in length from 308-358 mm.  Female number is CCC no. 162 and is kept at the Museum of Natural History (formerly Museu Alvara de Castro) in Maputo, Mozambique.; embryos taken from large female of 179 cm TL, weight: 98 kg.  Female was carring 26 pups ranging in length from 308-358 mm.  Female number is CCC no. 162 and is kept at the Museum of Natural History (formerly Museu Alvara de Castro) in Maputo, Mozambique.\nPrior Description: false; embryos taken from large female of 179 cm TL, weight: 98 kg.  Female was carrying 26 pups ranging in length from 308-358 mm.  Female number is CCC no. 162 and is kept at the Museum of Natural History (formerly Museu Alvara de Castro) in Maputo, Mozambique.\nPrior Description: false,NA,NA,NA,NA,NA,NA,NA,NA,NA,NA,Zambezia Prov.,NA,NA,NA,0m-0m,1991-08-,NA,NA,NA,NA,NA,NA,NA,NA,NA,NA,NA,NA,NA,NA,NA,NA,NA
Gnathostomata,Comoros,1965,urn:lsid:marinespecies.org:taxname:217438,NA,Latimeria chalumnae,NA,FALSE,163509,NA,217438,-11.430278,Sarcopterygii,1828,1821,178651,114959,PreservedSpecimen,FALSE,bf221d4f-b056-48ef-9a0c-375e143cc6e6,Osteichthyes,Coelacanthiformes,36fbc01b-72bd-42f0-af0a-e1701cddcf94,Djomani au Nord Dela,43.259444,Fish,-137980800000,217438,-137980800000,NA,Latimeria,1965-08-18,FALSE,FALSE,205486,Latimeria chalumnae,TRUE,NA,146419,UF,-137980800000,Coelacanthi,163510,NA,Animalia,843665,NA,Chordata,Latimeria chalumnae,NA,Vertebrata,Latimeriidae,CR,2,152352,dcb0c76d-46a1-4e07-9a69-98cf3fd67576,NO_DEPTH,NA,1007,NA,2,UF,NA,NA,NA,Collection,NA,NA,FN2-30445478-70-UF,NA,CC BY 4.0,NA,70,NA,NA,NA,NA,NA,NA,NA,NA,NA,NA,NA,present,FN2-30445478-70-UF,NA,NA,NA,NA,NA,NA,NA,NA,NA,NA,NA,NA,NA,NA,NA,NA,NA,NA,NA,NA,NA,NA,NA,NA,NA,NA,NA,NA,NA,NA,NA
Gnathostomata,Comores,1989,urn:lsid:marinespecies.org:taxname:217438,1989,Latimeria chalumnae,1.0,FALSE,163509,NA,217438,-11.8166999817,Sarcopterygii,1828,1821,178651,34725,PreservedSpecimen,FALSE,bf4074a4-ef99-461d-ba70-a5921328feab,Osteichthyes,Coelacanthiformes,9ff216fc-777e-4f9b-9860-95ed7366870d,Grande Comore,43.0167007446,SAIAB,602294400000,217438,602294400000,2,Latimeria,1989-02-01T12:00:00Z,FALSE,FALSE,205486,Latimeria chalumnae,TRUE,Propanol,146419,SAIAB,602294400000,Coelacanthi,163510,Indian,Animalia,843665,SAIAB SAIAB 54586,Chordata,Latimeria chalumnae,100.0,Vertebrata,Latimeriidae,CR,2,152352,14fc439c-707d-41d6-a3d4-b9d2696205fe,NO_DEPTH,34.93,24552,27.61,8,NA,NA,Grande Comore Island,NA,NA,NA,NA,NA,NA,NA,NA,NA,NA,NA,NA,NA,NA,NA,NA,NA,NA,NA,NA,NA,NA,NA,NA,NA,NA,NA,NA,NA,1,NA,NA,NA,NA,NA,NA,NA,NA,NA,NA,NA,NA,NA,NA,NA,NA,NA,NA,NA,NA,NA,NA,NA
Gnathostomata,Comoro Islands,NA,urn:lsid:marinespecies.org:taxname:217438,NA,Latimeria chalumnae,NA,FALSE,163509,NA,217438,-12,Sarcopterygii,1828,1821,178651,8863,PreservedSpecimen,FALSE,c3d216d2-5748-4b17-9b85-dd162f55bb0b,Osteichthyes,Coelacanthiformes,36fbc01b-72bd-42f0-af0a-e1701cddcf94,no locality name,44,KUIT,NA,217438,NA,NA,Latimeria,1986-00-00,FALSE,FALSE,205486,Latimeria chalumnae,TRUE,NA,146419,KU,NA,Coelacanthi,163510,NA,Animalia,843665,NA,Chordata,Latimeria chalumnae,NA,Vertebrata,Latimeriidae,CR,2,152352,dcb0c76d-46a1-4e07-9a69-98cf3fd67576,NO_DEPTH,34.9,28222,27.6,3137,KU,NA,NA,NA,Collection,NA,NA,FN2-57121324-24-KU,NA,CC BY 4.0,NA,24,NA,NA,NA,NA,NA,NA,NA,NA,NA,NA,NA,present,FN2-57121324-24-KU,NA,NA,NA,NA,NA,NA,NA,NA,NA,NA,NA,NA,NA,NA,NA,NA,NA,NA,NA,NA,NA,NA,NA,NA,NA,NA,NA,NA,NA,NA,NA
Gnathostomata,Mozambique,1991,urn:lsid:marinespecies.org:taxname:217438,1991,Latimeria chalumnae,1.0,FALSE,163509,CCC 162.16,217438,-17.3166999817,Sarcopterygii,1828,1821,178651,24361,PreservedSpecimen,FALSE,c4f21839-7ee2-47d5-ab36-98049cc8b05b,Osteichthyes,Coelacanthiformes,9ff216fc-777e-4f9b-9860-95ed7366870d,Off Pebane,38.6333007812,SAIAB,681868800000,217438,681868800000,8,Latimeria,1991-08-11T12:00:00Z,FALSE,FALSE,205486,Latimeria chalumnae,TRUE,Propanol,146419,SAIAB,681868800000,Coelacanthi,163510,Indian,Animalia,843665,SAIAB SAIAB 37325,Chordata,Latimeria chalumnae,100.0,Vertebrata,Latimeriidae,CR,2,152352,14fc439c-707d-41d6-a3d4-b9d2696205fe,NO_DEPTH,34.14,18152,26.75,43,NA,NA,NA,NA,NA,NA,NA,NA,NA,NA,NA,NA,NA,NA,NA,NA,NA,NA,Kenji Yoshida,NA,NA,NA,NA,NA,NA,NA,NA,NA,NA,NA,NA,NA,11,NA,NA,NA,NA,NA,NA,NA,NA,NA,NA,NA,NA,NA,NA,NA,NA,NA,NA,NA,NA,NA,NA,NA
Gnathostomata,Mozambique,1991,urn:lsid:marinespecies.org:taxname:217438,1991,Latimeria chalumnae,1.0,FALSE,163509,CCC 162.17,217438,-17.3166999817,Sarcopterygii,1828,1821,178651,24363,PreservedSpecimen,FALSE,c5227605-3f33-4395-8b6f-1949112103a0,Osteichthyes,Coelacanthiformes,9ff216fc-777e-4f9b-9860-95ed7366870d,Off Pebane,38.6333007812,SAIAB,681868800000,217438,681868800000,8,Latimeria,1991-08-11T12:00:00Z,FALSE,FALSE,205486,Latimeria chalumnae,TRUE,Ethanol,146419,SAIAB,681868800000,Coelacanthi,163510,Indian,Animalia,843665,SAIAB SAIAB 37328,Chordata,Latimeria chalumnae,100.0,Vertebrata,Latimeriidae,CR,2,152352,14fc439c-707d-41d6-a3d4-b9d2696205fe,NO_DEPTH,34.14,18152,26.75,43,NA,NA,NA,NA,NA,NA,NA,NA,NA,NA,NA,NA,NA,NA,NA,NA,NA,NA,Kenji Yoshida,NA,NA,NA,NA,NA,NA,NA,NA,NA,NA,NA,NA,NA,11,NA,NA,NA,NA,NA,NA,NA,NA,NA,NA,NA,NA,NA,NA,NA,NA,NA,NA,NA,NA,NA,NA,NA
Gnathostomata,Madagascar,NA,urn:lsid:marinespecies.org:taxname:217438,NA,Latimeria chalumnae,1,FALSE,163509,NA,217438,-11.66666667,Sarcopterygii,1828,1821,178651,51809,PreservedSpecimen,FALSE,c620553b-8d54-4c62-9a32-52711e5d9822,Osteichthyes,Coelacanthiformes,36fbc01b-72bd-42f0-af0a-e1701cddcf94,Grand Comore Island, Icone Village, Indian Ocean,43.26666667,Fishes,NA,217438,NA,NA,Latimeria,1986-11-00,FALSE,FALSE,205486,Latimeria chalumnae,TRUE,NA,146419,ROM,NA,Coelacanthi,163510,NA,Animalia,843665,NA,Chordata,Latimeria chalumnae,NA,Vertebrata,Latimeriidae,CR,2,152352,dcb0c76d-46a1-4e07-9a69-98cf3fd67576,NO_DEPTH,ON_LAND,NA,-107,NA,-101,ROM,NA,NA,NA,Collection,NA,NA,FN2-47348277-15-ROM,NA,CC BY 4.0,NA,15,NA,NA,NA,NA,NA,NA,Local Fishermen,NA,NA,NA,NA,present,FN2-47348277-15-ROM,NA,NA,NA,NA,NA,NA,NA,NA,NA,NA,NA,NA,NA,NA,NA,NA,NA,NA,NA,NA,NA,NA,NA,NA,NA,NA,NA,NA,NA,NA,NA
Gnathostomata,NA,1954,urn:lsid:marinespecies.org:taxname:217438,1954,Latimeria chalumnae,NA,FALSE,163509,NA,217438,-10,Sarcopterygii,1828,1821,178651,1989-0806,PreservedSpecimen,FALSE,c67eafc7-8dbe-4363-8e99-28bd467eb639,Osteichthyes,Coelacanthiformes,705770e5-3474-4e69-be8b-3107a0c5610a,NA,45,IC,-502502400000,217438,-502502400000,1,Latimeria,1954-01-29T12:00:00Z,FALSE,FALSE,205486,Latimeria chalumnae,TRUE,NA,146419,MNHN,-502502400000,Coelacanthi,163510,indien,Animalia,843665,NA,Chordata,Latimeria chalumnae,NA,Vertebrata,Latimeriidae,CR,2,152352,310922b4-9d0c-4de1-92d7-9b442d34765b,NA,35.02,146551,27.26,3774,NA,NA,NA,NA,NA,NA,NA,NA,NA,NA,NA,NA,NA,smith,NA,NA,NA,NA,madi-m'ze      ,miss.orstom,NA,NA,NA,NA,NA,NA,NA,NA,NA,NA,390,390,NA,29,NA,NA,NA,NA,NA,NA,NA,NA,NA,NA,NA,NA,NA,NA,NA,NA,NA,NA,NA,NA,NA,NA,NA
Gnathostomata,Comoro Islands,1989,urn:lsid:marinespecies.org:taxname:217438,1989,Latimeria chalumnae,1.0,FALSE,163509,CCC-153,217438,-11.8166999817,Sarcopterygii,1828,1821,178651,24137,PreservedSpecimen,FALSE,c8e26a7f-d7b3-4125-b7df-c6b9ac0fb912,Osteichthyes,Coelacanthiformes,9ff216fc-777e-4f9b-9860-95ed7366870d,Grande Comore,43.0167007446,SAIAB,602294400000,217438,602294400000,2,Latimeria,1989-02-01T12:00:00Z,FALSE,FALSE,205486,Latimeria chalumnae,TRUE,Propanol,146419,SAIAB,602294400000,Coelacanthi,163510,Indian,Animalia,843665,SAIAB SAIAB 37101,Chordata,Latimeria chalumnae,100.0,Vertebrata,Latimeriidae,CR,2,152352,14fc439c-707d-41d6-a3d4-b9d2696205fe,NO_DEPTH,34.93,24552,27.61,8,NA,NA,NA,NA,NA,NA,NA,NA,NA,NA,NA,NA,NA,NA,NA,NA,NA,NA,NA,NA,NA,NA,NA,NA,NA,NA,NA,NA,NA,NA,NA,NA,1,NA,NA,NA,NA,NA,NA,NA,NA,NA,NA,NA,NA,NA,NA,NA,NA,NA,NA,NA,NA,NA,NA,NA
Gnathostomata,Comores,1952,urn:lsid:marinespecies.org:taxname:319139,1952,Latimeria chalumnae,1.0,FALSE,163509,CCC 2,217438,-12.25,Sarcopterygii,1828,1821,178651,522,PreservedSpecimen,FALSE,c995cd70-9590-4888-8915-0cd809f62fec,Osteichthyes,Coelacanthiformes,9ff216fc-777e-4f9b-9860-95ed7366870d,South of Domoni,43.6333007812,SAIAB,-537494400000,217438,-537494400000,12,Latimeria,1952-12-20T12:00:00Z,FALSE,FALSE,205486,Malania anjouanae,TRUE,Ethanol,146419,SAIAB,-537494400000,Coelacanthi,163510,NA,Animalia,843665,SAIAB SAIAB 600,Chordata,Latimeria chalumnae,100.0,Vertebrata,Latimeriidae,CR,2,152352,14fc439c-707d-41d6-a3d4-b9d2696205fe,NO_DEPTH,34.92,783,27.61,-1,NA,NA,NA,NA,NA,NA,NA,NA,NA,NA,NA,NA,NA,NA,NA,NA,NA,NA,A Hussein,NA,NA,NA,NA,NA,NA,NA,NA,NA,NA,NA,NA,Holotype,20,NA,NA,NA,NA,NA,NA,NA,NA,NA,NA,NA,NA,NA,NA,NA,NA,NA,NA,NA,NA,NA,NA,NA
Gnathostomata,Comores,1980,urn:lsid:marinespecies.org:taxname:217438,1980,Latimeria chalumnae,2.0,FALSE,163509,CCC 118,217438,-11.8166999817,Sarcopterygii,1828,1821,178651,8212,PreservedSpecimen,FALSE,d34866c1-c15a-4b19-8681-924301288dd0,Osteichthyes,Coelacanthiformes,9ff216fc-777e-4f9b-9860-95ed7366870d,Off Grande Comore,43.0167007446,SAIAB,327283200000,217438,327283200000,5,Latimeria,1980-05-16T12:00:00Z,FALSE,FALSE,205486,Latimeria chalumnae,TRUE,Propanol,146419,SAIAB,327283200000,Coelacanthi,163510,Indian,Animalia,843665,SAIAB SAIAB 9981,Chordata,Latimeria chalumnae,100.0,Vertebrata,Latimeriidae,CR,2,152352,14fc439c-707d-41d6-a3d4-b9d2696205fe,NO_DEPTH,34.93,24552,27.61,8,NA,NA,NA,NA,NA,NA,NA,NA,NA,NA,NA,NA,NA,NA,NA,NA,NA,NA,NA,NA,NA,NA,NA,NA,NA,NA,NA,NA,NA,NA,NA,NA,NA,NA,NA,NA,NA,NA,NA,NA,NA,NA,NA,NA,NA,NA,NA,NA,NA,NA,NA,NA,NA,NA,NA,NA
Gnathostomata,Comoros,NA,urn:lsid:marinespecies.org:taxname:217438,NA,Latimeria chalumnae,NA,FALSE,163509,NA,217438,-12,Sarcopterygii,1828,1821,178651,USNM 00163126,PreservedSpecimen,FALSE,d4bc2e97-fc43-4c24-9074-a91b53b0396d,Osteichthyes,Coelacanthiformes,9b787218-7138-4ffa-8ba6-36d63d391f8c,INDIAN OCEAN: COMORO ARCHI., DOMONI, ANJOUAN ID.,44,Occurrence,NA,217438,NA,NA,Latimeria,NA,FALSE,FALSE,205486,Latimeria chalumnae,TRUE,NA,146419,USNM,NA,Coelacanthi,163510,Africa,Animalia,843665,NA,Chordata,Latimeria chalumnae,NA,Vertebrata,Latimeriidae,CR,2,152352,310922b4-9d0c-4de1-92d7-9b442d34765b,NO_DEPTH,34.9,28222,27.6,3137,NA,NA,NA,NA,NA,NA,NA,NA,NA,NA,NA,NA,NA,Smith, 1939,NA,NA,NA,NA,Native,NA,NA,NA,NA,NA,NA,NA,NA,NA,NA,NA,NA,NA,NA,NA,NA,NA,NA,NA,NA,NA,NA,NA,NA,NA,NA,NA,NA,NA,NA,NA,NA,NA,NA,NA,NA,NA
Gnathostomata,NA,1939,urn:lsid:marinespecies.org:taxname:217438,NA,Latimeria chalumnae,NA,FALSE,163509,NA,217438,-12.1669998169,Sarcopterygii,1828,1821,178651,65952,HumanObservation,FALSE,db465b45-462b-46a2-b743-3e3e14c33abd,Osteichthyes,Coelacanthiformes,d0d2a510-ba24-487b-80ca-afc86922cb1c,Comoros,44.25,INDOBIS-DATASET1,-962582400000,217438,-962582400000,NA,Latimeria,1939-07-02T12:00:00Z,FALSE,FALSE,205486,Latimeria chalumnae,TRUE,NA,146419,NCL,-962582400000,Coelacanthi,163510,NA,Animalia,843665,NA,Chordata,Latimeria chalumnae,NA,Vertebrata,Latimeriidae,CR,2,152352,310922b4-9d0c-4de1-92d7-9b442d34765b,NO_DEPTH,34.9,1403,27.61,2,NA,NA,NA,NA,NA,NA,NA,NA,NA,NA,NA,NA,NA,Smith,NA,NA,NA,NA,NA,NA,NA,NA,NA,NA,NA,NA,NA,NA,NA,NA,NA,Accepted,NA,NA,NA,NA,NA,NA,NA,NA,NA,NA,NA,NA,NA,NA,NA,NA,NA,NA,NA,NA,NA,NA,NA,NA
Gnathostomata,Comores,1952,urn:lsid:marinespecies.org:taxname:319139,1952,Latimeria chalumnae,1.0,FALSE,163509,CCC 2,217438,-12.25,Sarcopterygii,1828,1821,178651,525,HumanObservation,FALSE,dbbd850f-c5b3-479f-a809-a5cb619205ae,Osteichthyes,Coelacanthiformes,9ff216fc-777e-4f9b-9860-95ed7366870d,South of Domoni,43.6333007812,SAIAB,-537494400000,217438,-537494400000,12,Latimeria,1952-12-20T12:00:00Z,FALSE,FALSE,205486,Malania anjouanae,TRUE,Otoliths,146419,SAIAB,-537494400000,Coelacanthi,163510,NA,Animalia,843665,SAIAB SAIAB 600,Chordata,Latimeria chalumnae,100.0,Vertebrata,Latimeriidae,CR,2,152352,14fc439c-707d-41d6-a3d4-b9d2696205fe,NO_DEPTH,34.92,783,27.61,-1,NA,NA,NA,NA,NA,NA,NA,NA,NA,NA,NA,NA,NA,NA,NA,NA,NA,NA,A Hussein,NA,NA,NA,NA,NA,NA,NA,NA,NA,NA,NA,NA,Holotype,20,NA,NA,NA,NA,NA,NA,NA,NA,NA,NA,NA,NA,NA,NA,NA,NA,NA,NA,NA,NA,NA,NA,NA
Gnathostomata,Comores,NA,urn:lsid:marinespecies.org:taxname:217438,NA,Latimeria chalumnae,1,FALSE,163509,NA,217438,-10,Sarcopterygii,1828,1821,178651,2005-0081,PreservedSpecimen,FALSE,dd2466cb-888b-46c0-9a89-3e7973bdfc47,Osteichthyes,Coelacanthiformes,36fbc01b-72bd-42f0-af0a-e1701cddcf94,NA,45,IC,NA,217438,NA,NA,Latimeria,0000-00-00,FALSE,FALSE,205486,Latimeria chalumnae,TRUE,NA,146419,MNHN,NA,Coelacanthi,163510,NA,Animalia,843665,NA,Chordata,Latimeria chalumnae,NA,Vertebrata,Latimeriidae,CR,2,152352,dcb0c76d-46a1-4e07-9a69-98cf3fd67576,NO_DEPTH,35.02,146551,27.26,3774,MNHN,NA,NA,NA,Collection,NA,NA,FN2-56880574-8-MNHN,NA,CC BY 4.0,NA,8,NA,NA,NA,NA,NA,NA,inconnu,NA,NA,NA,NA,present,FN2-56880574-8-MNHN,NA,comores,10,NA,NA,NA,NA,NA,NA,NA,NA,NA,NA,NA,NA,NA,NA,NA,NA,NA,NA,NA,NA,NA,NA,NA,NA,NA,NA,NA,NA
Gnathostomata,Mozambique,1991,urn:lsid:marinespecies.org:taxname:217438,1991,Latimeria chalumnae,1.0,FALSE,163509,CCC 162.26,217438,-17.3166999817,Sarcopterygii,1828,1821,178651,24364,PreservedSpecimen,FALSE,e0798856-e860-4840-8a2f-469ea75767cb,Osteichthyes,Coelacanthiformes,9ff216fc-777e-4f9b-9860-95ed7366870d,Off Pebane,38.6333007812,SAIAB,681868800000,217438,681868800000,8,Latimeria,1991-08-11T12:00:00Z,FALSE,FALSE,205486,Latimeria chalumnae,TRUE,Ethanol,146419,SAIAB,681868800000,Coelacanthi,163510,Indian,Animalia,843665,SAIAB SAIAB 37329,Chordata,Latimeria chalumnae,100.0,Vertebrata,Latimeriidae,CR,2,152352,14fc439c-707d-41d6-a3d4-b9d2696205fe,NO_DEPTH,34.14,18152,26.75,43,NA,NA,NA,NA,NA,NA,NA,NA,NA,NA,NA,NA,NA,NA,NA,NA,NA,NA,Kenji Yoshida,NA,NA,NA,NA,NA,NA,NA,NA,NA,NA,NA,NA,NA,11,NA,NA,NA,NA,NA,NA,NA,NA,NA,NA,NA,NA,NA,NA,NA,NA,NA,NA,NA,NA,NA,NA,NA
Gnathostomata,Comoro Islands,1986,urn:lsid:marinespecies.org:taxname:217438,1986,Latimeria chalumnae,NA,FALSE,163509,CCC 140,217438,-12,Sarcopterygii,1828,1821,178651,22082,PreservedSpecimen,FALSE,e4cabc14-f982-47bb-9617-facc18bb662c,Osteichthyes,Coelacanthiformes,4e25e0ce-b17d-4192-9b55-417f1e0c4fc8,no locality name,44,KUI,536371200000,217438,504921600000,NA,Latimeria,1986,FALSE,FALSE,205486,Latimeria chalumnae,TRUE,EtOH - 1,146419,KU,520646400000,Coelacanthi,163510,NA,Animalia,843665,VIMS 8117,Chordata,Latimeria chalumnae,NA,Vertebrata,Latimeriidae,CR,2,152352,b7c47783-a020-4173-b390-7b57c4fa1426,NO_DEPTH,34.9,28222,27.6,3137,NA,http://grbio.org/cool/iakn-125z,NA,en,PhysicalObject,2018-07-10 09:47:58,NA,dc6742c7-1ed3-11e3-bfac-90b11c41863e,NA,http://creativecommons.org/licenses/by/4.0/deed.en_US,NA,NA,NA,Smith, 1939,Species,NA,NA,University of Kansas Biodiversity Institute Fish Voucher Collection,NA,NA,NA,NA,NA,present,NA,NA,NA,NA,972mm TL,NA,NA,NA,NA,Grande Comore,2012. Predicting suitable environments and potential occurrences for coelacanths (Latimeria spp.). Biodivers Conserv. 21: 577-587; 2011. An updated inventory of all known specimens of the coelacanth, Latimeria spp.. Smithiana. 3: 1-52; 1990. The Urohyal: Development and Homology Within Osteichthyans. J Morpho.. 203: 247-282; 1991. Palatoquadrate and Its Ossifications: Development and Homology Within Osteichthyans. J Morpho.. 208: 1-81; 2001. Vertebral Column and Associated Elements in Dipnoans and Comparison With Other Fishes: Development and Homology. J Morpho.. 250: 101-172; 2016. Actinistian gular plates from the Cretaceous of Mexico and the problems assigning gular plates taxonomically. Foss. Rec.. 19: 101-117; 2004. Early diversification of actinopterygians: 217-270,NA,NA,NA,NA,Marine,NA,NA,NA,Africa, Comoro Islands, Grande Comore,NA,NA,Africa,date of capture believed to be 1986, but not documented,NA,NA,WGS84,http://biimages.biodiversity.ku.edu/static/Ichthyology/originals/sp68408961578137879288.att.jpg; http://biimages.biodiversity.ku.edu/static/Ichthyology/originals/sp65854328020256033845.att.jpg; http://biimages.biodiversity.ku.edu/static/Ichthyology/originals/sp6582801725466003658.att.jpg; http://biimages.biodiversity.ku.edu/static/Ichthyology/originals/sp68108582032125712437.att.jpg; http://biimages.biodiversity.ku.edu/static/Ichthyology/originals/sp62981541731581650221.att.jpg; http://biimages.biodiversity.ku.edu/static/Ichthyology/originals/sp64200789435724110551.att.jpg; http://biimages.biodiversity.ku.edu/static/Ichthyology/originals/sp6588393374469815559.att.jpg,chalumnae,http://biodiversity.ku.edu/research/university-kansas-biodiversity-institute-data-publication-and-use-norms,NA,NA
Gnathostomata,NA,1991,urn:lsid:marinespecies.org:taxname:217438,1991,Latimeria chalumnae,1.0,FALSE,163509,NA,217438,-17.3166999817,Sarcopterygii,1828,1821,178651,SAMC-MBF-011715,HumanObservation,FALSE,f229717d-fb8f-4454-88a2-06a2b054704a,Osteichthyes,Coelacanthiformes,8a1ae661-e911-4967-bc06-1168fc5f2d89,unspecified,38.6333007812,MBF,681868800000,217438,681868800000,8,Latimeria,1991-08-11T12:00:00Z,FALSE,FALSE,205486,Latimeria chalumnae,TRUE,NA,146419,SAMC,681868800000,Coelacanthi,163510,NA,Animalia,843665,SAM-MBF-032603,Chordata,Latimeria chalumnae,NA,Vertebrata,Latimeriidae,CR,2,152352,14fc439c-707d-41d6-a3d4-b9d2696205fe,NA,34.14,18152,26.75,43,NA,NA,NA,NA,NA,NA,NA,NA,NA,NA,NA,NA,NA,NA,NA,NA,NA,NA,NA,NA,NA,NA,SAM 32603 : RUSI 37326, 1 of 26 yolk sac juv. Don : Mike Bruton.  Mother caught North East of Quelimane (off Central Mozambique),NA,NA,NA,NA,NA,NA,40,42,NA,11,NA,NA,NA,NA,NA,NA,NA,44,NA,NA,NA,NA,NA,NA,NA,NA,NA,NA,NA,NA,NA,NA,NA
Gnathostomata,Comores,1990,urn:lsid:marinespecies.org:taxname:217438,1990,Latimeria chalumnae,1.0,FALSE,163509,CCC 159,217438,-11.5583000183,Sarcopterygii,1828,1821,178651,22295,PreservedSpecimen,FALSE,f2b00c39-4fa6-49a8-99f7-bea929d54c2a,Osteichthyes,Coelacanthiformes,9ff216fc-777e-4f9b-9860-95ed7366870d,Hahaia,43.2583007812,SAIAB,6.40224e+11,217438,6.40224e+11,4,Latimeria,1990-04-16T00:00:00Z,FALSE,FALSE,205486,Latimeria chalumnae,TRUE,Tissue,146419,SAIAB,6.40224e+11,Coelacanthi,163510,Indian,Animalia,843665,SAIAB SAIAB 34464,Chordata,Latimeria chalumnae,100.0,Vertebrata,Latimeriidae,CR,2,152352,14fc439c-707d-41d6-a3d4-b9d2696205fe,NO_DEPTH,NA,942,NA,257,NA,NA,NA,NA,NA,NA,NA,NA,NA,NA,NA,NA,NA,NA,NA,NA,NA,NA,NA,NA,NA,NA,NA,NA,NA,NA,NA,NA,NA,NA,NA,NA,NA,NA,NA,NA,NA,NA,NA,NA,NA,NA,NA,NA,NA,NA,NA,NA,NA,NA,NA,NA,NA,NA,NA,NA
Gnathostomata,Comores,1952,urn:lsid:marinespecies.org:taxname:319139,1952,Latimeria chalumnae,1.0,FALSE,163509,CCC 2,217438,-12.25,Sarcopterygii,1828,1821,178651,524,PreservedSpecimen,FALSE,fa527ac4-e722-4a36-b197-2417773f61e3,Osteichthyes,Coelacanthiformes,9ff216fc-777e-4f9b-9860-95ed7366870d,South of Domoni,43.6333007812,SAIAB,-537494400000,217438,-537494400000,12,Latimeria,1952-12-20T12:00:00Z,FALSE,FALSE,205486,Malania anjouanae,TRUE,Ethanol,146419,SAIAB,-537494400000,Coelacanthi,163510,NA,Animalia,843665,SAIAB SAIAB 600,Chordata,Latimeria chalumnae,100.0,Vertebrata,Latimeriidae,CR,2,152352,14fc439c-707d-41d6-a3d4-b9d2696205fe,NO_DEPTH,34.92,783,27.61,-1,NA,NA,NA,NA,NA,NA,NA,NA,NA,NA,NA,NA,NA,NA,NA,NA,NA,NA,A Hussein,NA,NA,NA,NA,NA,NA,NA,NA,NA,NA,NA,NA,Holotype,20,NA,NA,NA,NA,NA,NA,NA,NA,NA,NA,NA,NA,NA,NA,NA,NA,NA,NA,NA,NA,NA,NA,NA
Gnathostomata,Comoros,NA,urn:lsid:marinespecies.org:taxname:217438,NA,Latimeria chalumnae,NA,FALSE,163509,NA,217438,-12.25,Sarcopterygii,1828,1821,178651,RUSI 600,PreservedSpecimen,FALSE,fb4f60f9-67db-4cce-945b-c52bfe5d2adb,Osteichthyes,Coelacanthiformes,9b787218-7138-4ffa-8ba6-36d63d391f8c,Indian Ocean South of Domoni,43.6333351135,Occurrence,NA,217438,NA,NA,Latimeria,NA,FALSE,FALSE,205486,Latimeria chalumnae,TRUE,70% Ethanol,146419,RUSI,NA,Coelacanthi,163510,Africa,Animalia,843665,NA,Chordata,Latimeria chalumnae,NA,Vertebrata,Latimeriidae,CR,2,152352,310922b4-9d0c-4de1-92d7-9b442d34765b,NO_DEPTH,34.92,783,27.61,-4,NA,NA,NA,NA,NA,NA,NA,NA,NA,NA,NA,NA,NA,Smith, 1939,NA,NA,male,NA,Hussein A,NA,NA,NA,NA,NA,NA,NA,NA,NA,observedindividualcount=1;,NA,NA,Holotype,NA,Anjouan Island,NA,NA,NA,NA,NA,NA,NA,NA,NA,NA,NA,NA,NA,NA,NA,NA,NA,NA,NA,NA,NA,NA
